date,series,value
1990-01-01,gbp_value,1419567.0
1990-02-01,gbp_value,1314310.0
1990-03-01,gbp_value,1656198.0
1990-04-01,gbp_value,1371303.0
1990-05-01,gbp_value,1550104.0
1990-06-01,gbp_value,1653864.0
1990-07-01,gbp_value,1831512.0
1990-08-01,gbp_value,1661468.0
1990-09-01,gbp_value,1638265.0
1990-10-01,gbp_value,1717710.0
1990-11-01,gbp_value,1602742.0
1990-12-01,gbp_value,1463141.0
1991-01-01,gbp_value,1574023.0
1991-02-01,gbp_value,1558157.0
1991-03-01,gbp_value,1756503.0
1991-04-01,gbp_value,1710476.0
1991-05-01,gbp_value,1619498.0
1991-06-01,gbp_value,1574943.0
1991-07-01,gbp_value,1739450.0
1991-08-01,gbp_value,1493902.0
1991-09-01,gbp_value,1483813.0
1991-10-01,gbp_value,1621171.0
1991-11-01,gbp_value,1505263.0
1991-12-01,gbp_value,1412439.0
1992-01-01,gbp_value,1647223.0
1992-02-01,gbp_value,1477395.0
1992-03-01,gbp_value,1755248.0
1992-04-01,gbp_value,1727476.0
1992-05-01,gbp_value,1547570.0
1992-06-01,gbp_value,1744964.0
1992-07-01,gbp_value,1874591.0
1992-08-01,gbp_value,1533427.0
1992-09-01,gbp_value,2078769.0
1992-10-01,gbp_value,2013102.0
1992-11-01,gbp_value,1819376.0
1992-12-01,gbp_value,1709061.0
1993-01-01,gbp_value,1841866.0
1993-02-01,gbp_value,1934013.0
1993-03-01,gbp_value,2135225.0
1993-04-01,gbp_value,1887504.0
1993-05-01,gbp_value,1816044.0
1993-06-01,gbp_value,2032937.0
1993-07-01,gbp_value,1971739.0
1993-08-01,gbp_value,1929983.0
1993-09-01,gbp_value,1996032.0
1993-10-01,gbp_value,1991162.0
1993-11-01,gbp_value,2025734.0
1993-12-01,gbp_value,1982639.0
1994-01-01,gbp_value,2036697.0
1994-02-01,gbp_value,2114562.0
1994-03-01,gbp_value,2352965.0
1994-04-01,gbp_value,2003176.0
1994-05-01,gbp_value,1982787.0
1994-06-01,gbp_value,2087109.0
1994-07-01,gbp_value,1953703.0
1994-08-01,gbp_value,2042369.0
1994-09-01,gbp_value,2161714.0
1994-10-01,gbp_value,2099018.0
1994-11-01,gbp_value,2150959.0
1994-12-01,gbp_value,2067712.0
1995-01-01,gbp_value,2171199.0
1995-02-01,gbp_value,2181889.0
1995-03-01,gbp_value,2691808.0
1995-04-01,gbp_value,2087483.0
1995-05-01,gbp_value,2348203.0
1995-06-01,gbp_value,2432727.0
1995-07-01,gbp_value,2226394.0
1995-08-01,gbp_value,2193564.0
1995-09-01,gbp_value,2073615.0
1995-10-01,gbp_value,2124983.0
1995-11-01,gbp_value,2117376.0
1995-12-01,gbp_value,2069788.0
1996-01-01,gbp_value,2216512.0
1996-02-01,gbp_value,2163468.0
1996-03-01,gbp_value,2329294.0
1996-04-01,gbp_value,2204914.0
1996-05-01,gbp_value,2317031.0
1996-06-01,gbp_value,2298831.0
1996-07-01,gbp_value,2516225.0
1996-08-01,gbp_value,2289599.0
1996-09-01,gbp_value,2405070.0
1996-10-01,gbp_value,2736337.0
1996-11-01,gbp_value,2696312.0
1996-12-01,gbp_value,2707558.0
1997-01-01,gbp_value,2921544.0
1997-02-01,gbp_value,2779320.0
1997-03-01,gbp_value,2742579.0
1997-04-01,gbp_value,2962849.0
1997-05-01,gbp_value,2968354.0
1997-06-01,gbp_value,3021490.0
1997-07-01,gbp_value,3461777.0
1997-08-01,gbp_value,2965286.0
1997-09-01,gbp_value,3003109.0
1997-10-01,gbp_value,3230464.0
1997-11-01,gbp_value,2814321.0
1997-12-01,gbp_value,3161355.0
1998-01-01,gbp_value,3217865.0
1998-02-01,gbp_value,3020671.0
1998-03-01,gbp_value,3428354.0
1998-04-01,gbp_value,3304699.0
1998-05-01,gbp_value,3161089.0
1998-06-01,gbp_value,3565926.0
1998-07-01,gbp_value,3769832.0
1998-08-01,gbp_value,3370423.0
1998-09-01,gbp_value,3777632.0
1998-10-01,gbp_value,3875867.0
1998-11-01,gbp_value,3461908.0
1998-12-01,gbp_value,3547115.0
1999-01-01,gbp_value,3376756.0
1999-02-01,gbp_value,3357032.0
1999-03-01,gbp_value,4012563.0
1999-04-01,gbp_value,3736001.0
1999-05-01,gbp_value,3547585.0
1999-06-01,gbp_value,4271603.0
1999-07-01,gbp_value,4142078.0
1999-08-01,gbp_value,3612405.0
1999-09-01,gbp_value,3868676.0
1999-10-01,gbp_value,3725002.0
1999-11-01,gbp_value,3714694.0
1999-12-01,gbp_value,3339517.0
2000-01-01,gbp_value,3455433.0
2000-02-01,gbp_value,4108902.0
2000-03-01,gbp_value,4515601.0
2000-04-01,gbp_value,3666832.0
2000-05-01,gbp_value,4358841.0
2000-06-01,gbp_value,4497856.0
2000-07-01,gbp_value,3959770.0
2000-08-01,gbp_value,4112015.0
2000-09-01,gbp_value,4226003.0
2000-10-01,gbp_value,4086583.0
2000-11-01,gbp_value,4063122.0
2000-12-01,gbp_value,4094873.0
2001-01-01,gbp_value,4328020.0
2001-02-01,gbp_value,4083547.0
2001-03-01,gbp_value,4762396.0
2001-04-01,gbp_value,4182994.0
2001-05-01,gbp_value,4340829.0
2001-06-01,gbp_value,4454902.0
2001-07-01,gbp_value,4662473.0
2001-08-01,gbp_value,4511993.0
2001-09-01,gbp_value,4156909.0
2001-10-01,gbp_value,4680813.0
2001-11-01,gbp_value,4625914.0
2001-12-01,gbp_value,4122097.0
2002-01-01,gbp_value,4419157.0
2002-02-01,gbp_value,3985354.0
2002-03-01,gbp_value,4174278.0
2002-04-01,gbp_value,4242049.0
2002-05-01,gbp_value,4456298.0
2002-06-01,gbp_value,4034641.0
2002-07-01,gbp_value,4861004.0
2002-08-01,gbp_value,4366150.0
2002-09-01,gbp_value,4425249.0
2002-10-01,gbp_value,4755985.0
2002-11-01,gbp_value,4114559.0
2002-12-01,gbp_value,4061322.0
2003-01-01,gbp_value,4310893.0
2003-02-01,gbp_value,3967655.0
2003-03-01,gbp_value,4566635.0
2003-04-01,gbp_value,4336168.0
2003-05-01,gbp_value,4059650.0
2003-06-01,gbp_value,4533806.0
2003-07-01,gbp_value,4662398.0
2003-08-01,gbp_value,3944166.0
2003-09-01,gbp_value,4396681.0
2003-10-01,gbp_value,4511640.0
2003-11-01,gbp_value,3894521.0
2003-12-01,gbp_value,4429243.0
2004-01-01,gbp_value,4140873.0
2004-02-01,gbp_value,4306278.0
2004-03-01,gbp_value,5049872.0
2004-04-01,gbp_value,4692180.0
2004-05-01,gbp_value,4223711.0
2004-06-01,gbp_value,4743426.0
2004-07-01,gbp_value,4250182.0
2004-08-01,gbp_value,4174047.0
2004-09-01,gbp_value,4357736.0
2004-10-01,gbp_value,4036566.0
2004-11-01,gbp_value,4179546.0
2004-12-01,gbp_value,4193108.0
2005-01-01,gbp_value,3987251.0
2005-02-01,gbp_value,3929948.0
2005-03-01,gbp_value,4690742.0
2005-04-01,gbp_value,4357173.0
2005-05-01,gbp_value,4182313.0
2005-06-01,gbp_value,4553352.0
2005-07-01,gbp_value,4341860.0
2005-08-01,gbp_value,4562551.0
2005-09-01,gbp_value,4644835.0
2005-10-01,gbp_value,4289745.0
2005-11-01,gbp_value,4482470.0
2005-12-01,gbp_value,4649355.0
2006-01-01,gbp_value,4731385.0
2006-02-01,gbp_value,4531570.0
2006-03-01,gbp_value,5678546.0
2006-04-01,gbp_value,4366184.0
2006-05-01,gbp_value,4956959.0
2006-06-01,gbp_value,5128725.0
2006-07-01,gbp_value,4784951.0
2006-08-01,gbp_value,5067023.0
2006-09-01,gbp_value,4961458.0
2006-10-01,gbp_value,5098680.0
2006-11-01,gbp_value,5182368.0
2006-12-01,gbp_value,4949520.0
2007-01-01,gbp_value,5322949.0
2007-02-01,gbp_value,4819571.0
2007-03-01,gbp_value,5794683.0
2007-04-01,gbp_value,5238214.0
2007-05-01,gbp_value,5541387.0
2007-06-01,gbp_value,5779540.0
2007-07-01,gbp_value,5950633.0
2007-08-01,gbp_value,6414609.0
2007-09-01,gbp_value,6204643.0
2007-10-01,gbp_value,6408737.0
2007-11-01,gbp_value,5941501.0
2007-12-01,gbp_value,5935854.0
2008-01-01,gbp_value,6277918.0
2008-02-01,gbp_value,5899978.0
2008-03-01,gbp_value,6040514.0
2008-04-01,gbp_value,6578993.0
2008-05-01,gbp_value,5779061.0
2008-06-01,gbp_value,5931702.0
2008-07-01,gbp_value,6116799.0
2008-08-01,gbp_value,5294219.0
2008-09-01,gbp_value,6433475.0
2008-10-01,gbp_value,7249134.0
2008-11-01,gbp_value,5779681.0
2008-12-01,gbp_value,6244433.0
2009-01-01,gbp_value,5879948.0
2009-02-01,gbp_value,5482453.0
2009-03-01,gbp_value,6127115.0
2009-04-01,gbp_value,5384007.0
2009-05-01,gbp_value,4953684.0
2009-06-01,gbp_value,5701692.0
2009-07-01,gbp_value,5513757.0
2009-08-01,gbp_value,4670092.0
2009-09-01,gbp_value,5434412.0
2009-10-01,gbp_value,5236282.0
2009-11-01,gbp_value,4854385.0
2009-12-01,gbp_value,5379129.0
2010-01-01,gbp_value,4796654.91043269
2010-02-01,gbp_value,4638920.52984032
2010-03-01,gbp_value,5432640.04950048
2010-04-01,gbp_value,4899489.8653131
2010-05-01,gbp_value,5054020.66741963
2010-06-01,gbp_value,5911121.14533691
2010-07-01,gbp_value,5652203.71413967
2010-08-01,gbp_value,4862411.21772604
2010-09-01,gbp_value,5161371.87315049
2010-10-01,gbp_value,4922260.1527467
2010-11-01,gbp_value,5020281.71034279
2010-12-01,gbp_value,5236233.12377828
2011-01-01,gbp_value,5158945.42897411
2011-02-01,gbp_value,4888389.6448067
2011-03-01,gbp_value,5717517.06988431
2011-04-01,gbp_value,4810704.88079758
2011-05-01,gbp_value,4991992.28756766
2011-06-01,gbp_value,5320882.42820064
2011-07-01,gbp_value,5111613.49116799
2011-08-01,gbp_value,5422449.23132214
2011-09-01,gbp_value,5607630.02481765
2011-10-01,gbp_value,5438106.94333263
2011-11-01,gbp_value,5538838.89732418
2011-12-01,gbp_value,5869701.70065838
2012-01-01,gbp_value,5953213.26331951
2012-02-01,gbp_value,5391165.44373749
2012-03-01,gbp_value,6199065.30576583
2012-04-01,gbp_value,5699397.05638357
2012-05-01,gbp_value,6013450.32524034
2012-06-01,gbp_value,5836517.58464588
2012-07-01,gbp_value,6529221.41014973
2012-08-01,gbp_value,6244300.59510299
2012-09-01,gbp_value,5797547.79078998
2012-10-01,gbp_value,6492732.60059776
2012-11-01,gbp_value,5928905.30491158
2012-12-01,gbp_value,5631340.22199926
2013-01-01,gbp_value,6145068.85005053
2013-02-01,gbp_value,5459095.0057642
2013-03-01,gbp_value,5973623.50233793
2013-04-01,gbp_value,5893288.76809413
2013-05-01,gbp_value,5788691.4449417
2013-06-01,gbp_value,5621138.955607
2013-07-01,gbp_value,6319027.32635155
2013-08-01,gbp_value,5469436.97214345
2013-09-01,gbp_value,5735637.7816638
2013-10-01,gbp_value,6128285.75700566
2013-11-01,gbp_value,5651037.64531768
2013-12-01,gbp_value,5954595.07465035
2014-01-01,gbp_value,6191258.58246376
2014-02-01,gbp_value,5579643.87658221
2014-03-01,gbp_value,6040749.67715672
2014-04-01,gbp_value,5601403.86087398
2014-05-01,gbp_value,5416964.71859961
2014-06-01,gbp_value,5746477.92270363
2014-07-01,gbp_value,5954407.00509543
2014-08-01,gbp_value,5157828.93651797
2014-09-01,gbp_value,5807814.13886005
2014-10-01,gbp_value,5869551.11216183
2014-11-01,gbp_value,4924682.31411702
2014-12-01,gbp_value,5668708.60862828
2015-01-01,gbp_value,5611923.7590518
2015-02-01,gbp_value,5144339.16727745
2015-03-01,gbp_value,6101207.91560058
2015-04-01,gbp_value,5510629.44090458
2015-05-01,gbp_value,5037954.30387727
2015-06-01,gbp_value,5658332.62370302
2015-07-01,gbp_value,5924084.80213976
2015-08-01,gbp_value,5209721.88976042
2015-09-01,gbp_value,6234830.69587128
2015-10-01,gbp_value,6190188.56433336
2015-11-01,gbp_value,5599241.70132588
2015-12-01,gbp_value,6188723.13610376
2016-01-01,gbp_value,5956374.03351855
2016-02-01,gbp_value,5970535.15213796
2016-03-01,gbp_value,6286564.95735061
2016-04-01,gbp_value,6275909.10897705
2016-05-01,gbp_value,5665215.61498174
2016-06-01,gbp_value,6486610.3876508
2016-07-01,gbp_value,6234242.73209562
2016-08-01,gbp_value,6429923.00583238
2016-09-01,gbp_value,6605590.3020214
2016-10-01,gbp_value,6606011.91245122
2016-11-01,gbp_value,6540150.45610559
2016-12-01,gbp_value,6516500.12263315
2017-01-01,gbp_value,6580873.1769129
2017-02-01,gbp_value,6182818.03723802
2017-03-01,gbp_value,7301287.87757503
2017-04-01,gbp_value,6298350.56554696
2017-05-01,gbp_value,6907831.41802579
2017-06-01,gbp_value,7456719.3851084
2017-07-01,gbp_value,7067388.74524968
2017-08-01,gbp_value,7220179.05454304
2017-09-01,gbp_value,7115925.74334816
2017-10-01,gbp_value,7545627.33157172
2017-11-01,gbp_value,7539126.33590896
2017-12-01,gbp_value,6866349.60872582
2018-01-01,gbp_value,7325860.68158081
2018-02-01,gbp_value,6593178.55087409
2018-03-01,gbp_value,6924192.7553674
2018-04-01,gbp_value,6773453.2670639
2018-05-01,gbp_value,7179250.49259289
2018-06-01,gbp_value,7470870.23803643
2018-07-01,gbp_value,7159368.2115537
2018-08-01,gbp_value,6853591.5445734905
2018-09-01,gbp_value,6536886.96653533
2018-10-01,gbp_value,7407570.420257681
2018-11-01,gbp_value,6851383.2289338205
2018-12-01,gbp_value,6438334.96587274
2019-01-01,gbp_value,7314329.60348443
2019-02-01,gbp_value,6410123.20110598
2019-03-01,gbp_value,7078589.782336291
2019-04-01,gbp_value,6751231.74016005
2019-05-01,gbp_value,6727582.78622194
2019-06-01,gbp_value,6576622.47774843
2019-07-01,gbp_value,7687907.358681347
2019-08-01,gbp_value,6620462.2105103005
2019-09-01,gbp_value,7156872.626705509
2019-10-01,gbp_value,7525731.303536271
2019-11-01,gbp_value,6671289.520874181
2019-12-01,gbp_value,6885965.290411361
2020-01-01,gbp_value,7226089.29199531
2020-02-01,gbp_value,6358095.75765306
2020-03-01,gbp_value,8658312.186696671
2020-04-01,gbp_value,7646686.68723966
2020-05-01,gbp_value,7106107.265148411
2020-06-01,gbp_value,8592673.582324771
2020-07-01,gbp_value,8347183.93810938
2020-08-01,gbp_value,6946589.86463764
2020-09-01,gbp_value,7999332.6998365475
2020-10-01,gbp_value,7635350.177434839
2020-11-01,gbp_value,7512744.18034974
2020-12-01,gbp_value,7879154.14134048
2021-01-01,gbp_value,7406326.06816789
2021-02-01,gbp_value,6826364.92930807
2021-03-01,gbp_value,7823691.404638231
2021-04-01,gbp_value,6573709.9863196295
2021-05-01,gbp_value,6104811.19195959
2021-06-01,gbp_value,7535915.883501068
2021-07-01,gbp_value,7079133.774429008
2021-08-01,gbp_value,6547107.619832658
2021-09-01,gbp_value,7327306.59465083
2021-10-01,gbp_value,7404602.08854522
2021-11-01,gbp_value,8051191.186780181
2021-12-01,gbp_value,7636076.396955062
2022-01-01,gbp_value,7513628.660319059
2022-02-01,gbp_value,7542051.246688568
2022-03-01,gbp_value,8860517.014597472
2022-04-01,gbp_value,7191441.44327144
2022-05-01,gbp_value,7603790.52795401
2022-06-01,gbp_value,7766428.905481368
2022-07-01,gbp_value,7898943.247611592
2022-08-01,gbp_value,8060313.27913591
2022-09-01,gbp_value,8854786.53753293
2022-10-01,gbp_value,10279060.0307584
2022-11-01,gbp_value,9240860.806015382
2022-12-01,gbp_value,7831285.346188419
2023-01-01,gbp_value,8135064.272306969
2023-02-01,gbp_value,7875007.89503001
2023-03-01,gbp_value,8844142.86554436
2023-04-01,gbp_value,7115420.260538778
2023-05-01,gbp_value,7389325.92346654
2023-06-01,gbp_value,7949490.325819431
2023-07-01,gbp_value,7371960.614116109
2023-08-01,gbp_value,7387897.153075332
2023-09-01,gbp_value,7437689.19324011
2023-10-01,gbp_value,7514070.14692054
2023-11-01,gbp_value,7433990.593778958
2023-12-01,gbp_value,7021488.277101059
2024-01-01,gbp_value,7643748.957834653
2024-02-01,gbp_value,6640621.437367652
2024-03-01,gbp_value,6776136.4262312185
2024-04-01,gbp_value,7348136.634047899
2024-05-01,gbp_value,7251689.65461412
2024-06-01,gbp_value,7261198.213684451
1990-01-01,change,
1990-02-01,change,
1990-03-01,change,
1990-04-01,change,
1990-05-01,change,
1990-06-01,change,
1990-07-01,change,
1990-08-01,change,
1990-09-01,change,
1990-10-01,change,
1990-11-01,change,
1990-12-01,change,
1991-01-01,change,0.10880500885129063
1991-02-01,change,0.18553233255472446
1991-03-01,change,0.06056341089652317
1991-04-01,change,0.24733629256262102
1991-05-01,change,0.04476731883796181
1991-06-01,change,-0.047719159495581254
1991-07-01,change,-0.050265572925539126
1991-08-01,change,-0.10085418437189286
1991-09-01,change,-0.09427778778158602
1991-10-01,change,-0.056202152866316246
1991-11-01,change,-0.060820144477401805
1991-12-01,change,-0.034652846171353224
1992-01-01,change,0.04650503836347997
1992-02-01,change,-0.0518317473784734
1992-03-01,change,-0.0007144878204022875
1992-04-01,change,0.009938753890729846
1992-05-01,change,-0.04441376278328224
1992-06-01,change,0.107953748167394
1992-07-01,change,0.07769179913190949
1992-08-01,change,0.026457558795690783
1992-09-01,change,0.40096427245212163
1992-10-01,change,0.24175796384218562
1992-11-01,change,0.20867649042061087
1992-12-01,change,0.2100069454326876
1993-01-01,change,0.11816432869137938
1993-02-01,change,0.3090696800787873
1993-03-01,change,0.21648052013162822
1993-04-01,change,0.09263688757470434
1993-05-01,change,0.17348100570571923
1993-06-01,change,0.16503091181250729
1993-07-01,change,0.05182357111497926
1993-08-01,change,0.2586076807047222
1993-09-01,change,-0.03980095912532855
1993-10-01,change,-0.010898603250108496
1993-11-01,change,0.11342240416494453
1993-12-01,change,0.1600750353556719
1994-01-01,change,0.10577913919905146
1994-02-01,change,0.09335459482433683
1994-03-01,change,0.1019752016766382
1994-04-01,change,0.06128304893658498
1994-05-01,change,0.09181660796764834
1994-06-01,change,0.02664716122536026
1994-07-01,change,-0.00914725529088789
1994-08-01,change,0.058231601003739364
1994-09-01,change,0.08300568327561875
1994-10-01,change,0.05416736558853574
1994-11-01,change,0.061817099382248664
1994-12-01,change,0.042908971325591905
1995-01-01,change,0.06603927830207446
1995-02-01,change,0.03183969067825876
1995-03-01,change,0.1440068169309785
1995-04-01,change,0.04208666637379843
1995-05-01,change,0.18429412740753293
1995-06-01,change,0.16559652610381148
1995-07-01,change,0.1395764862929525
1995-08-01,change,0.07402922782317978
1995-09-01,change,-0.04075423483402518
1995-10-01,change,0.012370070194729132
1995-11-01,change,-0.015613035859818769
1995-12-01,change,0.001004008295159009
1996-01-01,change,0.02087003540440091
1996-02-01,change,-0.008442684297872205
1996-03-01,change,-0.13467305246139394
1996-04-01,change,0.05625482938064641
1996-05-01,change,-0.013274831860788816
1996-06-01,change,-0.05503946805375204
1996-07-01,change,0.13017956390468166
1996-08-01,change,0.0437803501516254
1996-09-01,change,0.1598440404800312
1996-10-01,change,0.28769830158641274
1996-11-01,change,0.2734214423890702
1996-12-01,change,0.3081330068586734
1997-01-01,change,0.3180817428464182
1997-02-01,change,0.2846596298165722
1997-03-01,change,0.17742929831957666
1997-04-01,change,0.3437481008329577
1997-05-01,change,0.28110241080071874
1997-06-01,change,0.3143593417697952
1997-07-01,change,0.37578197498236454
1997-08-01,change,0.2951115020577839
1997-09-01,change,0.24865762742872355
1997-10-01,change,0.18057973122462623
1997-11-01,change,0.04376681927017345
1997-12-01,change,0.16760379648376866
1998-01-01,change,0.10142616369974222
1998-02-01,change,0.08683814746052998
1998-03-01,change,0.2500474917951314
1998-04-01,change,0.11537881275758566
1998-05-01,change,0.06492992412630039
1998-06-01,change,0.18018792052927535
1998-07-01,change,0.08898753443679364
1998-08-01,change,0.13662661881518345
1998-09-01,change,0.25790705565465655
1998-10-01,change,0.19978647030271812
1998-11-01,change,0.2301041707751177
1998-12-01,change,0.12202362594520388
1999-01-01,change,0.04937777066471094
1999-02-01,change,0.11135307353895874
1999-03-01,change,0.17040509818997696
1999-04-01,change,0.13051173495679946
1999-05-01,change,0.12226672516971204
1999-06-01,change,0.1978944599523378
1999-07-01,change,0.09874339227848883
1999-08-01,change,0.07179573602482536
1999-09-01,change,0.02410081236075934
1999-10-01,change,-0.03892419425124749
1999-11-01,change,0.07301927145377629
1999-12-01,change,-0.05852587243435858
2000-01-01,change,0.023299581017994786
2000-02-01,change,0.22396867232722228
2000-03-01,change,0.12536575749714096
2000-04-01,change,-0.018514181339887248
2000-05-01,change,0.22867838261803453
2000-06-01,change,0.05296676680861956
2000-07-01,change,-0.044013656913269084
2000-08-01,change,0.13830398308052394
2000-09-01,change,0.09236415766014017
2000-10-01,change,0.09706867271480668
2000-11-01,change,0.09379722798163193
2000-12-01,change,0.226187200125048
2001-01-01,change,0.2525260944142167
2001-02-01,change,-0.0061707482923661905
2001-03-01,change,0.05465385449245841
2001-04-01,change,0.1407651073187972
2001-05-01,change,-0.004132291129683274
2001-06-01,change,-0.009549883322187314
2001-07-01,change,0.17746055957795526
2001-08-01,change,0.0972705595675114
2001-09-01,change,-0.016349728100051086
2001-10-01,change,0.1454099916727496
2001-11-01,change,0.1385122081000767
2001-12-01,change,0.006648313635123637
2002-01-01,change,0.021057435039579353
2002-02-01,change,-0.024046007061997776
2002-03-01,change,-0.12349204056109575
2002-04-01,change,0.01411787824701638
2002-05-01,change,0.02660067927117149
2002-06-01,change,-0.09433675533154262
2002-07-01,change,0.04258062191459344
2002-08-01,change,-0.03232341007621242
2002-09-01,change,0.0645527722641992
2002-10-01,change,0.016059603321046945
2002-11-01,change,-0.11054139787293926
2002-12-01,change,-0.014743709330469423
2003-01-01,change,-0.024498790153868688
2003-02-01,change,-0.004441010760901087
2003-03-01,change,0.09399397931809994
2003-04-01,change,0.022187155311030216
2003-05-01,change,-0.08900841011979
2003-06-01,change,0.12371980555395146
2003-07-01,change,-0.04085699168319956
2003-08-01,change,-0.09664899281976114
2003-09-01,change,-0.006455681928858703
2003-10-01,change,-0.051376318470306326
2003-11-01,change,-0.05347790613769299
2003-12-01,change,0.09059143796034896
2004-01-01,change,-0.03943962422634939
2004-02-01,change,0.08534587810684147
2004-03-01,change,0.10581905494965116
2004-04-01,change,0.08210290745192528
2004-05-01,change,0.04041259714507417
2004-06-01,change,0.04623488521564445
2004-07-01,change,-0.08841287251753283
2004-08-01,change,0.05828380448490256
2004-09-01,change,-0.00885781797678753
2004-10-01,change,-0.10529962497007739
2004-11-01,change,0.07318615049193467
2004-12-01,change,-0.05331272183531133
2005-01-01,change,-0.03709894024762406
2005-02-01,change,-0.08739101377105707
2005-03-01,change,-0.07111665404588474
2005-04-01,change,-0.0713968773576461
2005-05-01,change,-0.00980133347191603
2005-06-01,change,-0.04007103726294037
2005-07-01,change,0.021570370398255934
2005-08-01,change,0.09307609617237178
2005-09-01,change,0.0658826050958572
2005-10-01,change,0.06272138248204051
2005-11-01,change,0.07247772844227574
2005-12-01,change,0.10880878813519712
2006-01-01,change,0.1866283311484529
2006-02-01,change,0.1530865039435636
2006-03-01,change,0.21058587319447541
2006-04-01,change,0.0020680840535824974
2006-05-01,change,0.18521951848175888
2006-06-01,change,0.12636251271590693
2006-07-01,change,0.10205096433325811
2006-08-01,change,0.11056796954160064
2006-09-01,change,0.06816668406950943
2006-10-01,change,0.18857414601567224
2006-11-01,change,0.15614114539528434
2006-12-01,change,0.06456056807879795
2007-01-01,change,0.12502977457974773
2007-02-01,change,0.06355435312706192
2007-03-01,change,0.02045189032544603
2007-04-01,change,0.19972360303642733
2007-05-01,change,0.11790051118034262
2007-06-01,change,0.12689606091182504
2007-07-01,change,0.2436141979301356
2007-08-01,change,0.26595221691316584
2007-09-01,change,0.25056848208732196
2007-10-01,change,0.25694042379596294
2007-11-01,change,0.1464838081741784
2007-12-01,change,0.1992787179362847
2008-01-01,change,0.1794060021991568
2008-02-01,change,0.22417078200528628
2008-03-01,change,0.04242354586092123
2008-04-01,change,0.255961096663863
2008-05-01,change,0.04289070588284116
2008-06-01,change,0.026327700820480526
2008-07-01,change,0.027924088076008102
2008-08-01,change,-0.17466224363792082
2008-09-01,change,0.036880768160231
2008-10-01,change,0.13113301419608892
2008-11-01,change,-0.027235541995196177
2008-12-01,change,0.051985611505943385
2009-01-01,change,-0.0633920353849795
2009-02-01,change,-0.07076721303028588
2009-03-01,change,0.014336693864131389
2009-04-01,change,-0.18163661216845794
2009-05-01,change,-0.14282199132350393
2009-06-01,change,-0.03877639166633795
2009-07-01,change,-0.09858783981621755
2009-08-01,change,-0.11788839864765699
2009-09-01,change,-0.15529134721126603
2009-10-01,change,-0.2776679255756619
2009-11-01,change,-0.16009464882231395
2009-12-01,change,-0.13857206891322238
2010-01-01,change,-0.18423514792432016
2010-02-01,change,-0.15386041068836886
2010-03-01,change,-0.11334452682861673
2010-04-01,change,-0.0899919213862278
2010-05-01,change,0.020254959222193003
2010-06-01,change,0.036731051999460806
2010-07-01,change,0.02510932457481707
2010-08-01,change,0.041181034062292454
2010-09-01,change,-0.050242809497975105
2010-10-01,change,-0.059970384951249844
2010-11-01,change,0.03417460921265825
2010-12-01,change,-0.02656487253265727
2011-01-01,change,0.07552982762079474
2011-02-01,change,0.053777406481021695
2011-03-01,change,0.05243804444765732
2011-04-01,change,-0.018121271184596277
2011-05-01,change,-0.01227307601882821
2011-06-01,change,-0.09985224505200507
2011-07-01,change,-0.09564238132807013
2011-08-01,change,0.1151770157888885
2011-09-01,change,0.08646115076276506
2011-10-01,change,0.10479876613146488
2011-11-01,change,0.10329244789451919
2011-12-01,change,0.12097791712203443
2012-01-01,change,0.15395934019471613
2012-02-01,change,0.10285100727699281
2012-03-01,change,0.0842233140707116
2012-04-01,change,0.18473221650600413
2012-05-01,change,0.20461931405955425
2012-06-01,change,0.09690782748973703
2012-07-01,change,0.277330811774233
2012-08-01,change,0.15156460276908112
2012-09-01,change,0.03386774183243402
2012-10-01,change,0.19393249677778934
2012-11-01,change,0.07042385864948009
2012-12-01,change,-0.040608789136998946
2013-01-01,change,0.03222723229371449
2013-02-01,change,0.012600162754348165
2013-03-01,change,-0.03636706379237753
2013-04-01,change,0.03401968836219149
2013-05-01,change,-0.03737602676374596
2013-06-01,change,-0.03690190698739204
2013-07-01,change,-0.032192825238156364
2013-08-01,change,-0.12409133915929937
2013-09-01,change,-0.010678654382898167
2013-10-01,change,-0.05613150363816721
2013-11-01,change,-0.04686660442421142
2013-12-01,change,0.0574028277297598
2014-01-01,change,0.007516552465128168
2014-02-01,change,0.02208220789173354
2014-03-01,change,0.011237095004818842
2014-04-01,change,-0.049528356526561956
2014-05-01,change,-0.06421602012781569
2014-06-01,change,0.022297788417346753
2014-07-01,change,-0.05770196937360661
2014-08-01,change,-0.056972598315428113
2014-09-01,change,0.012583841578523325
2014-10-01,change,-0.04221974220899416
2014-11-01,change,-0.1285348597531467
2014-12-01,change,-0.04801106749292383
2015-01-01,change,-0.09357302973144743
2015-02-01,change,-0.07801657577676879
2015-03-01,change,0.01000839989653679
2015-04-01,change,-0.016205655265006502
2015-05-01,change,-0.06996730353826663
2015-06-01,change,-0.015339012902557125
2015-07-01,change,-0.005092396762552798
2015-08-01,change,0.010061007040199188
2015-09-01,change,0.07352448732029226
2015-10-01,change,0.054627252756545897
2015-11-01,change,0.13697520858861867
2015-12-01,change,0.091734213800295
2016-01-01,change,0.0613782883117695
2016-02-01,change,0.16060293810249693
2016-03-01,change,0.03038038439504387
2016-04-01,change,0.13887336760332913
2016-05-01,change,0.12450714581148992
2016-06-01,change,0.1463819501310486
2016-07-01,change,0.05235541696564372
2016-08-01,change,0.2342161715907014
2016-09-01,change,0.05946586591286884
2016-10-01,change,0.06717458503828966
2016-11-01,change,0.16804217516755982
2016-12-01,change,0.05296358866293516
2017-01-01,change,0.10484552176879425
2017-02-01,change,0.03555508504527349
2017-03-01,change,0.1614113473905885
2017-04-01,change,0.003575809684338793
2017-05-01,change,0.21934130799151497
2017-06-01,change,0.14955561371536863
2017-07-01,change,0.1336402910436567
2017-08-01,change,0.12290287892931895
2017-09-01,change,0.0772581129003096
2017-10-01,change,0.14223641004181098
2017-11-01,change,0.15274509149415216
2017-12-01,change,0.05368671518589707
2018-01-01,change,0.11320496302549699
2018-02-01,change,0.06637111284280728
2018-03-01,change,-0.051647754277136304
2018-04-01,change,0.07543287668295773
2018-05-01,change,0.03929150237494783
2018-06-01,change,0.0018977317231878565
2018-07-01,change,0.013014632365573986
2018-08-01,change,-0.05077263419650058
2018-09-01,change,-0.08137223429489904
2018-10-01,change,-0.018296280116617103
2018-11-01,change,-0.09122318373939553
2018-12-01,change,-0.06233510777096962
2019-01-01,change,-0.0015740236673312813
2019-02-01,change,-0.02776435498532659
2019-03-01,change,0.02229819885490736
2019-04-01,change,-0.0032806791495709753
2019-05-01,change,-0.06291293315882385
2019-06-01,change,-0.11969793769608228
2019-07-01,change,0.07382483083838287
2019-08-01,change,-0.03401564457802808
2019-09-01,change,0.09484417634022257
2019-10-01,change,0.01595136820508003
2019-11-01,change,-0.026285744358758523
2019-12-01,change,0.06952578996143344
2020-01-01,change,-0.012064032696459837
2020-02-01,change,-0.008116449843576068
2020-03-01,change,0.22316908493586873
2020-04-01,change,0.13263578877806115
2020-05-01,change,0.05626455904811567
2020-06-01,change,0.3065480968989047
2020-07-01,change,0.08575501091120241
2020-08-01,change,0.049260556703971004
2020-09-01,change,0.11771343673037316
2020-10-01,change,0.014565876654014875
2020-11-01,change,0.12613073632056948
2020-12-01,change,0.14423378699165457
2021-01-01,change,0.02494250609001436
2021-02-01,change,0.07364927951759248
2021-03-01,change,-0.09639532094266812
2021-04-01,change,-0.14031916630121
2021-05-01,change,-0.14090641132025028
2021-06-01,change,-0.12298357300543405
2021-07-01,change,-0.1519135283327161
2021-08-01,change,-0.05750767680104296
2021-09-01,change,-0.08401027065663225
2021-10-01,change,-0.03022102241905833
2021-11-01,change,0.07167114885114789
2021-12-01,change,-0.03085074108526875
2022-01-01,change,0.014487964905076423
2022-02-01,change,0.10484149687160671
2022-03-01,change,0.13252383770461162
2022-04-01,change,0.09396998928114497
2022-05-01,change,0.24554065455270235
2022-06-01,change,0.030588587444955406
2022-07-01,change,0.11580646719007759
2022-08-01,change,0.23112582642133628
2022-09-01,change,0.20846404107031757
2022-10-01,change,0.38819884010511685
2022-11-01,change,0.14776318083075757
2022-12-01,change,0.025564038268553357
2023-01-01,change,0.08270778875057183
2023-02-01,change,0.044146696628139415
2023-03-01,change,-0.0018479902500199152
2023-04-01,change,-0.010571063302446837
2023-05-01,change,-0.02820495957891378
2023-06-01,change,0.023570861533138032
2023-07-01,change,-0.06671558675330735
2023-08-01,change,-0.08342307585005715
2023-09-01,change,-0.1600374371856561
2023-10-01,change,-0.2689924833169649
2023-11-01,change,-0.19553050848468934
2023-12-01,change,-0.10340538408315014
2024-01-01,change,-0.0603947673953642
2024-02-01,change,-0.15674732954126824
2024-03-01,change,-0.23382779662796127
2024-04-01,change,0.03270592108237613
2024-05-01,change,-0.01862636325396394
2024-06-01,change,-0.08658317501179313
