,Scenario,Class,Technology,Year,Value
0,Advanced,1,Technology 1,2022,4429.425325925925
1,Advanced,1,Technology 1,2023,4495.415703703701
2,Advanced,1,Technology 1,2024,4561.76513333333
3,Advanced,1,Technology 1,2025,4628.4736148148095
4,Advanced,1,Technology 1,2026,4695.5411481481415
5,Advanced,1,Technology 1,2027,4762.967733333327
6,Advanced,1,Technology 1,2028,4830.753370370363
7,Advanced,1,Technology 1,2029,4898.89805925926
8,Advanced,1,Technology 1,2030,4967.4018
9,Advanced,1,Technology 1,2031,4971.680423344259
10,Advanced,1,Technology 1,2032,4975.960310426222
11,Advanced,1,Technology 1,2033,4980.241461245899
12,Advanced,1,Technology 1,2034,4984.523875803279
13,Advanced,1,Technology 1,2035,4988.8075540983555
14,Advanced,1,Technology 1,2036,4993.092496131143
15,Advanced,1,Technology 1,2037,4997.378701901637
16,Advanced,1,Technology 1,2038,5001.666171409834
17,Advanced,1,Technology 1,2039,5005.954904655736
18,Advanced,1,Technology 1,2040,5010.24490163934
19,Advanced,1,Technology 1,2041,5014.53616236065
20,Advanced,1,Technology 1,2042,5018.828686819664
21,Advanced,1,Technology 1,2043,5023.122475016392
22,Advanced,1,Technology 1,2044,5027.417526950814
23,Advanced,1,Technology 1,2045,5031.713842622949
24,Advanced,1,Technology 1,2046,5036.0114220327805
25,Advanced,1,Technology 1,2047,5040.310265180324
26,Advanced,1,Technology 1,2048,5044.610372065572
27,Advanced,1,Technology 1,2049,5048.911742688524
28,Advanced,1,Technology 1,2050,5053.21437704918
29,Moderate,1,Technology 1,2022,4397.3155999999935
30,Moderate,1,Technology 1,2023,4430.837199999997
31,Moderate,1,Technology 1,2024,4464.3588
32,Moderate,1,Technology 1,2025,4497.880399999995
33,Moderate,1,Technology 1,2026,4531.401999999997
34,Moderate,1,Technology 1,2027,4564.9236
35,Moderate,1,Technology 1,2028,4598.445199999995
36,Moderate,1,Technology 1,2029,4631.966799999997
37,Moderate,1,Technology 1,2030,4665.4884
38,Moderate,1,Technology 1,2031,4669.25958
39,Moderate,1,Technology 1,2032,4673.03076
40,Moderate,1,Technology 1,2033,4676.80194
41,Moderate,1,Technology 1,2034,4680.57312
42,Moderate,1,Technology 1,2035,4684.3443
43,Moderate,1,Technology 1,2036,4688.11548
44,Moderate,1,Technology 1,2037,4691.88666
45,Moderate,1,Technology 1,2038,4695.657839999992
46,Moderate,1,Technology 1,2039,4699.4290200000005
47,Moderate,1,Technology 1,2040,4703.2002
48,Moderate,1,Technology 1,2041,4706.97138
49,Moderate,1,Technology 1,2042,4710.74256
50,Moderate,1,Technology 1,2043,4714.51374
51,Moderate,1,Technology 1,2044,4718.28492
52,Moderate,1,Technology 1,2045,4722.0561
53,Moderate,1,Technology 1,2046,4725.82728
54,Moderate,1,Technology 1,2047,4729.59846
55,Moderate,1,Technology 1,2048,4733.36964
56,Moderate,1,Technology 1,2049,4737.1408200000005
57,Moderate,1,Technology 1,2050,4740.912
58,Conservative,1,Technology 1,2022,4369.779999999997
59,Conservative,1,Technology 1,2023,4375.765999999994
60,Conservative,1,Technology 1,2024,4381.7519999999995
61,Conservative,1,Technology 1,2025,4387.737999999998
62,Conservative,1,Technology 1,2026,4393.723999999995
63,Conservative,1,Technology 1,2027,4399.71
64,Conservative,1,Technology 1,2028,4405.695999999997
65,Conservative,1,Technology 1,2029,4411.681999999994
66,Conservative,1,Technology 1,2030,4417.668
67,Conservative,1,Technology 1,2031,4423.0554
68,Conservative,1,Technology 1,2032,4428.442800000001
69,Conservative,1,Technology 1,2033,4433.830199999999
70,Conservative,1,Technology 1,2034,4439.2176
71,Conservative,1,Technology 1,2035,4444.6050000000005
72,Conservative,1,Technology 1,2036,4449.9924
73,Conservative,1,Technology 1,2037,4455.3798
74,Conservative,1,Technology 1,2038,4460.7672
75,Conservative,1,Technology 1,2039,4466.154599999992
76,Conservative,1,Technology 1,2040,4471.5419999999995
77,Conservative,1,Technology 1,2041,4476.9294
78,Conservative,1,Technology 1,2042,4482.3168000000005
79,Conservative,1,Technology 1,2043,4487.704199999999
80,Conservative,1,Technology 1,2044,4493.0916
81,Conservative,1,Technology 1,2045,4498.479
82,Conservative,1,Technology 1,2046,4503.866400000001
83,Conservative,1,Technology 1,2047,4509.2537999999995
84,Conservative,1,Technology 1,2048,4514.6412
85,Conservative,1,Technology 1,2049,4520.028600000001
86,Conservative,1,Technology 1,2050,4525.415999999999
87,Advanced,2,Technology 1,2022,4156.722632592587
88,Advanced,2,Technology 1,2023,4219.643117037033
89,Advanced,2,Technology 1,2024,4282.922653333332
90,Advanced,2,Technology 1,2025,4346.561241481475
91,Advanced,2,Technology 1,2026,4410.558881481477
92,Advanced,2,Technology 1,2027,4474.915573333333
93,Advanced,2,Technology 1,2028,4539.63131703703
94,Advanced,2,Technology 1,2029,4604.706112592589
95,Advanced,2,Technology 1,2030,4670.1399599999995
96,Advanced,2,Technology 1,2031,4673.67703099453
97,Advanced,2,Technology 1,2032,4677.2146381202165
98,Advanced,2,Technology 1,2033,4680.752781377045
99,Advanced,2,Technology 1,2034,4684.291460765023
100,Advanced,2,Technology 1,2035,4687.830676284149
101,Advanced,2,Technology 1,2036,4691.370427934426
102,Advanced,2,Technology 1,2037,4694.910715715842
103,Advanced,2,Technology 1,2038,4698.451539628409
104,Advanced,2,Technology 1,2039,4701.992899672124
105,Advanced,2,Technology 1,2040,4705.534795846988
106,Advanced,2,Technology 1,2041,4709.077228153003
107,Advanced,2,Technology 1,2042,4712.620196590157
108,Advanced,2,Technology 1,2043,4716.163701158462
109,Advanced,2,Technology 1,2044,4719.707741857916
110,Advanced,2,Technology 1,2045,4723.252318688518
111,Advanced,2,Technology 1,2046,4726.7974316502705
112,Advanced,2,Technology 1,2047,4730.343080743163
113,Advanced,2,Technology 1,2048,4733.889265967206
114,Advanced,2,Technology 1,2049,4737.435987322397
115,Advanced,2,Technology 1,2050,4740.983244808738
116,Moderate,2,Technology 1,2022,4125.611546666665
117,Moderate,2,Technology 1,2023,4157.06189333333
118,Moderate,2,Technology 1,2024,4188.512239999994
119,Moderate,2,Technology 1,2025,4219.962586666658
120,Moderate,2,Technology 1,2026,4251.412933333332
121,Moderate,2,Technology 1,2027,4282.863279999997
122,Moderate,2,Technology 1,2028,4314.3136266666625
123,Moderate,2,Technology 1,2029,4345.763973333327
124,Moderate,2,Technology 1,2030,4377.214319999991
125,Moderate,2,Technology 1,2031,4380.752484
126,Moderate,2,Technology 1,2032,4384.290648
127,Moderate,2,Technology 1,2033,4387.828812
128,Moderate,2,Technology 1,2034,4391.366976
129,Moderate,2,Technology 1,2035,4394.905139999992
130,Moderate,2,Technology 1,2036,4398.443303999991
131,Moderate,2,Technology 1,2037,4401.981467999992
132,Moderate,2,Technology 1,2038,4405.519632
133,Moderate,2,Technology 1,2039,4409.057796
134,Moderate,2,Technology 1,2040,4412.59596
135,Moderate,2,Technology 1,2041,4416.134124
136,Moderate,2,Technology 1,2042,4419.672288
137,Moderate,2,Technology 1,2043,4423.210452
138,Moderate,2,Technology 1,2044,4426.748616
139,Moderate,2,Technology 1,2045,4430.28678
140,Moderate,2,Technology 1,2046,4433.824944000001
141,Moderate,2,Technology 1,2047,4437.363108
142,Moderate,2,Technology 1,2048,4440.901272
143,Moderate,2,Technology 1,2049,4444.439436
144,Moderate,2,Technology 1,2050,4447.9776
145,Conservative,2,Technology 1,2022,4099.7773333333325
146,Conservative,2,Technology 1,2023,4105.393466666665
147,Conservative,2,Technology 1,2024,4111.009599999998
148,Conservative,2,Technology 1,2025,4116.62573333333
149,Conservative,2,Technology 1,2026,4122.241866666662
150,Conservative,2,Technology 1,2027,4127.857999999994
151,Conservative,2,Technology 1,2028,4133.474133333327
152,Conservative,2,Technology 1,2029,4139.090266666659
153,Conservative,2,Technology 1,2030,4144.7064
154,Conservative,2,Technology 1,2031,4149.7609199999915
155,Conservative,2,Technology 1,2032,4154.81544
156,Conservative,2,Technology 1,2033,4159.869959999991
157,Conservative,2,Technology 1,2034,4164.92448
158,Conservative,2,Technology 1,2035,4169.978999999991
159,Conservative,2,Technology 1,2036,4175.03352
160,Conservative,2,Technology 1,2037,4180.088039999991
161,Conservative,2,Technology 1,2038,4185.14256
162,Conservative,2,Technology 1,2039,4190.197079999992
163,Conservative,2,Technology 1,2040,4195.2516
164,Conservative,2,Technology 1,2041,4200.306119999991
165,Conservative,2,Technology 1,2042,4205.360639999991
166,Conservative,2,Technology 1,2043,4210.415159999991
167,Conservative,2,Technology 1,2044,4215.469679999991
168,Conservative,2,Technology 1,2045,4220.524199999991
169,Conservative,2,Technology 1,2046,4225.578719999991
170,Conservative,2,Technology 1,2047,4230.633239999991
171,Conservative,2,Technology 1,2048,4235.687759999992
172,Conservative,2,Technology 1,2049,4240.742279999991
173,Conservative,2,Technology 1,2050,4245.796799999991
174,Advanced,3,Technology 1,2022,4063.4296059259186
175,Advanced,3,Technology 1,2023,4125.299863703698
176,Advanced,3,Technology 1,2024,4187.529173333329
177,Advanced,3,Technology 1,2025,4250.117534814813
178,Advanced,3,Technology 1,2026,4313.06494814814
179,Advanced,3,Technology 1,2027,4376.371413333327
180,Advanced,3,Technology 1,2028,4440.0369303703665
181,Advanced,3,Technology 1,2029,4504.061499259256
182,Advanced,3,Technology 1,2030,4568.445119999999
183,Advanced,3,Technology 1,2031,4571.728502032784
184,Advanced,3,Technology 1,2032,4575.012171278687
185,Advanced,3,Technology 1,2033,4578.296127737704
186,Advanced,3,Technology 1,2034,4581.580371409834
187,Advanced,3,Technology 1,2035,4584.864902295076
188,Advanced,3,Technology 1,2036,4588.14972039344
189,Advanced,3,Technology 1,2037,4591.434825704915
190,Advanced,3,Technology 1,2038,4594.720218229504
191,Advanced,3,Technology 1,2039,4598.005897967205
192,Advanced,3,Technology 1,2040,4601.291864918028
193,Advanced,3,Technology 1,2041,4604.578119081963
194,Advanced,3,Technology 1,2042,4607.864660459011
195,Advanced,3,Technology 1,2043,4611.15148904918
196,Advanced,3,Technology 1,2044,4614.438604852453
197,Advanced,3,Technology 1,2045,4617.726007868848
198,Advanced,3,Technology 1,2046,4621.013698098354
199,Advanced,3,Technology 1,2047,4624.3016755409835
200,Advanced,3,Technology 1,2048,4627.589940196715
201,Advanced,3,Technology 1,2049,4630.878492065569
202,Advanced,3,Technology 1,2050,4634.167331147535
203,Moderate,3,Technology 1,2022,4032.660159999997
204,Moderate,3,Technology 1,2023,4063.401919999994
205,Moderate,3,Technology 1,2024,4094.1436799999915
206,Moderate,3,Technology 1,2025,4124.885439999997
207,Moderate,3,Technology 1,2026,4155.627199999994
208,Moderate,3,Technology 1,2027,4186.368959999991
209,Moderate,3,Technology 1,2028,4217.110719999997
210,Moderate,3,Technology 1,2029,4247.852479999994
211,Moderate,3,Technology 1,2030,4278.594239999991
212,Moderate,3,Technology 1,2031,4282.052687999992
213,Moderate,3,Technology 1,2032,4285.511135999992
214,Moderate,3,Technology 1,2033,4288.969583999991
215,Moderate,3,Technology 1,2034,4292.428031999991
216,Moderate,3,Technology 1,2035,4295.886479999991
217,Moderate,3,Technology 1,2036,4299.344927999991
218,Moderate,3,Technology 1,2037,4302.803375999992
219,Moderate,3,Technology 1,2038,4306.261823999991
220,Moderate,3,Technology 1,2039,4309.720271999991
221,Moderate,3,Technology 1,2040,4313.17872
222,Moderate,3,Technology 1,2041,4316.637167999991
223,Moderate,3,Technology 1,2042,4320.095616
224,Moderate,3,Technology 1,2043,4323.554063999992
225,Moderate,3,Technology 1,2044,4327.012512
226,Moderate,3,Technology 1,2045,4330.47096
227,Moderate,3,Technology 1,2046,4333.929407999991
228,Moderate,3,Technology 1,2047,4337.387855999991
229,Moderate,3,Technology 1,2048,4340.846304
230,Moderate,3,Technology 1,2049,4344.304751999991
231,Moderate,3,Technology 1,2050,4347.763199999991
232,Conservative,3,Technology 1,2022,4007.4079999999944
233,Conservative,3,Technology 1,2023,4012.897599999997
234,Conservative,3,Technology 1,2024,4018.3871999999915
235,Conservative,3,Technology 1,2025,4023.876799999994
236,Conservative,3,Technology 1,2026,4029.366399999997
237,Conservative,3,Technology 1,2027,4034.855999999991
238,Conservative,3,Technology 1,2028,4040.345599999994
239,Conservative,3,Technology 1,2029,4045.8351999999973
240,Conservative,3,Technology 1,2030,4051.3248
241,Conservative,3,Technology 1,2031,4056.2654399999915
242,Conservative,3,Technology 1,2032,4061.2060799999913
243,Conservative,3,Technology 1,2033,4066.146719999991
244,Conservative,3,Technology 1,2034,4071.08736
245,Conservative,3,Technology 1,2035,4076.027999999991
246,Conservative,3,Technology 1,2036,4080.9686399999914
247,Conservative,3,Technology 1,2037,4085.909279999991
248,Conservative,3,Technology 1,2038,4090.8499199999915
249,Conservative,3,Technology 1,2039,4095.790559999991
250,Conservative,3,Technology 1,2040,4100.731199999991
251,Conservative,3,Technology 1,2041,4105.671839999991
252,Conservative,3,Technology 1,2042,4110.612479999992
253,Conservative,3,Technology 1,2043,4115.553119999991
254,Conservative,3,Technology 1,2044,4120.493759999991
255,Conservative,3,Technology 1,2045,4125.434399999992
256,Conservative,3,Technology 1,2046,4130.375039999991
257,Conservative,3,Technology 1,2047,4135.3156799999915
258,Conservative,3,Technology 1,2048,4140.256319999991
259,Conservative,3,Technology 1,2049,4145.196959999991
260,Conservative,3,Technology 1,2050,4150.137599999991
261,Advanced,4,Technology 1,2022,3955.7838059259216
262,Advanced,4,Technology 1,2023,4016.442263703704
263,Advanced,4,Technology 1,2024,4077.4597733333294
264,Advanced,4,Technology 1,2025,4138.836334814807
265,Advanced,4,Technology 1,2026,4200.571948148145
266,Advanced,4,Technology 1,2027,4262.6666133333265
267,Advanced,4,Technology 1,2028,4325.120330370369
268,Advanced,4,Technology 1,2029,4387.933099259254
269,Advanced,4,Technology 1,2030,4451.104919999992
270,Advanced,4,Technology 1,2031,4454.095584
271,Advanced,4,Technology 1,2032,4457.086247999991
272,Advanced,4,Technology 1,2033,4460.0769119999995
273,Advanced,4,Technology 1,2034,4463.067575999991
274,Advanced,4,Technology 1,2035,4466.058239999991
275,Advanced,4,Technology 1,2036,4469.048904
276,Advanced,4,Technology 1,2037,4472.039567999992
277,Advanced,4,Technology 1,2038,4475.030232
278,Advanced,4,Technology 1,2039,4478.020895999992
279,Advanced,4,Technology 1,2040,4481.01156
280,Advanced,4,Technology 1,2041,4484.002223999992
281,Advanced,4,Technology 1,2042,4486.992887999992
282,Advanced,4,Technology 1,2043,4489.983552
283,Advanced,4,Technology 1,2044,4492.974215999991
284,Advanced,4,Technology 1,2045,4495.9648799999995
285,Advanced,4,Technology 1,2046,4498.955543999991
286,Advanced,4,Technology 1,2047,4501.946207999999
287,Advanced,4,Technology 1,2048,4504.936871999991
288,Advanced,4,Technology 1,2049,4507.927535999992
289,Advanced,4,Technology 1,2050,4510.9182
290,Moderate,4,Technology 1,2022,3925.40856
291,Moderate,4,Technology 1,2023,3955.33272
292,Moderate,4,Technology 1,2024,3985.25688
293,Moderate,4,Technology 1,2025,4015.18104
294,Moderate,4,Technology 1,2026,4045.1052
295,Moderate,4,Technology 1,2027,4075.02936
296,Moderate,4,Technology 1,2028,4104.95352
297,Moderate,4,Technology 1,2029,4134.87768
298,Moderate,4,Technology 1,2030,4164.80184
299,Moderate,4,Technology 1,2031,4168.168308
300,Moderate,4,Technology 1,2032,4171.5347759999995
301,Moderate,4,Technology 1,2033,4174.901244
302,Moderate,4,Technology 1,2034,4178.267712
303,Moderate,4,Technology 1,2035,4181.63418
304,Moderate,4,Technology 1,2036,4185.000648
305,Moderate,4,Technology 1,2037,4188.367116
306,Moderate,4,Technology 1,2038,4191.733584
307,Moderate,4,Technology 1,2039,4195.100052
308,Moderate,4,Technology 1,2040,4198.46652
309,Moderate,4,Technology 1,2041,4201.832988
310,Moderate,4,Technology 1,2042,4205.199456
311,Moderate,4,Technology 1,2043,4208.565924
312,Moderate,4,Technology 1,2044,4211.932392000001
313,Moderate,4,Technology 1,2045,4215.29886
314,Moderate,4,Technology 1,2046,4218.665328
315,Moderate,4,Technology 1,2047,4222.031796
316,Moderate,4,Technology 1,2048,4225.3982639999995
317,Moderate,4,Technology 1,2049,4228.764732
318,Moderate,4,Technology 1,2050,4232.1312
319,Conservative,4,Technology 1,2022,3900.828
320,Conservative,4,Technology 1,2023,3906.1715999999997
321,Conservative,4,Technology 1,2024,3911.5152
322,Conservative,4,Technology 1,2025,3916.8588000000004
323,Conservative,4,Technology 1,2026,3922.2024
324,Conservative,4,Technology 1,2027,3927.5460000000003
325,Conservative,4,Technology 1,2028,3932.8896000000004
326,Conservative,4,Technology 1,2029,3938.2332
327,Conservative,4,Technology 1,2030,3943.5768000000003
328,Conservative,4,Technology 1,2031,3948.38604
329,Conservative,4,Technology 1,2032,3953.19528
330,Conservative,4,Technology 1,2033,3958.00452
331,Conservative,4,Technology 1,2034,3962.81376
332,Conservative,4,Technology 1,2035,3967.623
333,Conservative,4,Technology 1,2036,3972.43224
334,Conservative,4,Technology 1,2037,3977.24148
335,Conservative,4,Technology 1,2038,3982.0507199999997
336,Conservative,4,Technology 1,2039,3986.85996
337,Conservative,4,Technology 1,2040,3991.6692000000003
338,Conservative,4,Technology 1,2041,3996.47844
339,Conservative,4,Technology 1,2042,4001.28768
340,Conservative,4,Technology 1,2043,4006.09692
341,Conservative,4,Technology 1,2044,4010.90616
342,Conservative,4,Technology 1,2045,4015.7154
343,Conservative,4,Technology 1,2046,4020.5246399999996
344,Conservative,4,Technology 1,2047,4025.33388
345,Conservative,4,Technology 1,2048,4030.14312
346,Conservative,4,Technology 1,2049,4034.9523599999998
347,Conservative,4,Technology 1,2050,4039.7616000000003
348,Advanced,5,Technology 1,2022,3826.6088459259217
349,Advanced,5,Technology 1,2023,3885.813143703704
350,Advanced,5,Technology 1,2024,3945.3764933333296
351,Advanced,5,Technology 1,2025,4005.298894814807
352,Advanced,5,Technology 1,2026,4065.5803481481453
353,Advanced,5,Technology 1,2027,4126.220853333327
354,Advanced,5,Technology 1,2028,4187.220410370369
355,Advanced,5,Technology 1,2029,4248.579019259254
356,Advanced,5,Technology 1,2030,4310.29668
357,Advanced,5,Technology 1,2031,4312.936082360654
358,Advanced,5,Technology 1,2032,4315.575140065572
359,Advanced,5,Technology 1,2033,4318.213853114747
360,Advanced,5,Technology 1,2034,4320.852221508195
361,Advanced,5,Technology 1,2035,4323.490245245898
362,Advanced,5,Technology 1,2036,4326.127924327868
363,Advanced,5,Technology 1,2037,4328.765258754093
364,Advanced,5,Technology 1,2038,4331.402248524583
365,Advanced,5,Technology 1,2039,4334.038893639338
366,Advanced,5,Technology 1,2040,4336.675194098358
367,Advanced,5,Technology 1,2041,4339.311149901634
368,Advanced,5,Technology 1,2042,4341.946761049175
369,Advanced,5,Technology 1,2043,4344.582027540981
370,Advanced,5,Technology 1,2044,4347.2169493770425
371,Advanced,5,Technology 1,2045,4349.851526557369
372,Advanced,5,Technology 1,2046,4352.48575908196
373,Advanced,5,Technology 1,2047,4355.119646950817
374,Advanced,5,Technology 1,2048,4357.7531901639295
375,Advanced,5,Technology 1,2049,4360.3863887213065
376,Advanced,5,Technology 1,2050,4363.01924262295
377,Moderate,5,Technology 1,2022,3796.7066400000003
378,Moderate,5,Technology 1,2023,3825.64968
379,Moderate,5,Technology 1,2024,3854.59272
380,Moderate,5,Technology 1,2025,3883.5357599999998
381,Moderate,5,Technology 1,2026,3912.4788000000003
382,Moderate,5,Technology 1,2027,3941.42184
383,Moderate,5,Technology 1,2028,3970.3648799999996
384,Moderate,5,Technology 1,2029,3999.30792
385,Moderate,5,Technology 1,2030,4028.25096
386,Moderate,5,Technology 1,2031,4031.507052
387,Moderate,5,Technology 1,2032,4034.763144
388,Moderate,5,Technology 1,2033,4038.019236
389,Moderate,5,Technology 1,2034,4041.2753279999997
390,Moderate,5,Technology 1,2035,4044.5314200000003
391,Moderate,5,Technology 1,2036,4047.787512
392,Moderate,5,Technology 1,2037,4051.0436040000004
393,Moderate,5,Technology 1,2038,4054.299696
394,Moderate,5,Technology 1,2039,4057.5557879999997
395,Moderate,5,Technology 1,2040,4060.81188
396,Moderate,5,Technology 1,2041,4064.067972
397,Moderate,5,Technology 1,2042,4067.324064
398,Moderate,5,Technology 1,2043,4070.580156
399,Moderate,5,Technology 1,2044,4073.836248
400,Moderate,5,Technology 1,2045,4077.0923399999997
401,Moderate,5,Technology 1,2046,4080.3484320000002
402,Moderate,5,Technology 1,2047,4083.604524
403,Moderate,5,Technology 1,2048,4086.8606160000004
404,Moderate,5,Technology 1,2049,4090.116708
405,Moderate,5,Technology 1,2050,4093.3727999999996
406,Conservative,5,Technology 1,2022,3772.9320000000002
407,Conservative,5,Technology 1,2023,3778.1004000000003
408,Conservative,5,Technology 1,2024,3783.2688
409,Conservative,5,Technology 1,2025,3788.4372000000003
410,Conservative,5,Technology 1,2026,3793.6056
411,Conservative,5,Technology 1,2027,3798.774
412,Conservative,5,Technology 1,2028,3803.9424
413,Conservative,5,Technology 1,2029,3809.1108
414,Conservative,5,Technology 1,2030,3814.2792
415,Conservative,5,Technology 1,2031,3818.9307599999997
416,Conservative,5,Technology 1,2032,3823.58232
417,Conservative,5,Technology 1,2033,3828.2338799999998
418,Conservative,5,Technology 1,2034,3832.88544
419,Conservative,5,Technology 1,2035,3837.536999999991
420,Conservative,5,Technology 1,2036,3842.1885599999914
421,Conservative,5,Technology 1,2037,3846.840119999991
422,Conservative,5,Technology 1,2038,3851.4916799999914
423,Conservative,5,Technology 1,2039,3856.1432399999912
424,Conservative,5,Technology 1,2040,3860.7947999999915
425,Conservative,5,Technology 1,2041,3865.4463599999913
426,Conservative,5,Technology 1,2042,3870.0979199999915
427,Conservative,5,Technology 1,2043,3874.7494799999913
428,Conservative,5,Technology 1,2044,3879.4010399999916
429,Conservative,5,Technology 1,2045,3884.052599999991
430,Conservative,5,Technology 1,2046,3888.704159999991
431,Conservative,5,Technology 1,2047,3893.355719999991
432,Conservative,5,Technology 1,2048,3898.007279999991
433,Conservative,5,Technology 1,2049,3902.658839999991
434,Conservative,5,Technology 1,2050,3907.310399999991
435,Advanced,6,Technology 1,2022,3625.6700192592566
436,Advanced,6,Technology 1,2023,3682.612290370366
437,Advanced,6,Technology 1,2024,3739.9136133333263
438,Advanced,6,Technology 1,2025,3797.573988148148
439,Advanced,6,Technology 1,2026,3855.593414814813
440,Advanced,6,Technology 1,2027,3913.9718933333293
441,Advanced,6,Technology 1,2028,3972.709423703698
442,Advanced,6,Technology 1,2029,4031.8060059259187
443,Advanced,6,Technology 1,2030,4091.2616399999997
444,Advanced,6,Technology 1,2031,4093.3546353661154
445,Advanced,6,Technology 1,2032,4095.446749945355
446,Advanced,6,Technology 1,2033,4097.537983737701
447,Advanced,6,Technology 1,2034,4099.628336743163
448,Advanced,6,Technology 1,2035,4101.71780896174
449,Advanced,6,Technology 1,2036,4103.806400393442
450,Advanced,6,Technology 1,2037,4105.894111038251
451,Advanced,6,Technology 1,2038,4107.980940896175
452,Advanced,6,Technology 1,2039,4110.0668899672055
453,Advanced,6,Technology 1,2040,4112.15195825136
454,Advanced,6,Technology 1,2041,4114.23614574863
455,Advanced,6,Technology 1,2042,4116.319452459017
456,Advanced,6,Technology 1,2043,4118.4018783825095
457,Advanced,6,Technology 1,2044,4120.483423519118
458,Advanced,6,Technology 1,2045,4122.564087868851
459,Advanced,6,Technology 1,2046,4124.64387143169
460,Advanced,6,Technology 1,2047,4126.722774207645
461,Advanced,6,Technology 1,2048,4128.800796196715
462,Advanced,6,Technology 1,2049,4130.877937398901
463,Advanced,6,Technology 1,2050,4132.954197814202
464,Moderate,6,Technology 1,2022,3596.503653333327
465,Moderate,6,Technology 1,2023,3623.920506666662
466,Moderate,6,Technology 1,2024,3651.337359999997
467,Moderate,6,Technology 1,2025,3678.7542133333322
468,Moderate,6,Technology 1,2026,3706.171066666659
469,Moderate,6,Technology 1,2027,3733.5879199999945
470,Moderate,6,Technology 1,2028,3761.0047733333295
471,Moderate,6,Technology 1,2029,3788.4216266666645
472,Moderate,6,Technology 1,2030,3815.83848
473,Moderate,6,Technology 1,2031,3818.922876
474,Moderate,6,Technology 1,2032,3822.007272
475,Moderate,6,Technology 1,2033,3825.091668
476,Moderate,6,Technology 1,2034,3828.176064
477,Moderate,6,Technology 1,2035,3831.26046
478,Moderate,6,Technology 1,2036,3834.344856
479,Moderate,6,Technology 1,2037,3837.4292520000004
480,Moderate,6,Technology 1,2038,3840.513648
481,Moderate,6,Technology 1,2039,3843.598043999991
482,Moderate,6,Technology 1,2040,3846.68244
483,Moderate,6,Technology 1,2041,3849.7668360000002
484,Moderate,6,Technology 1,2042,3852.8512320000004
485,Moderate,6,Technology 1,2043,3855.9356279999997
486,Moderate,6,Technology 1,2044,3859.020024
487,Moderate,6,Technology 1,2045,3862.1044199999997
488,Moderate,6,Technology 1,2046,3865.188816
489,Moderate,6,Technology 1,2047,3868.273212
490,Moderate,6,Technology 1,2048,3871.357608
491,Moderate,6,Technology 1,2049,3874.442004
492,Moderate,6,Technology 1,2050,3877.5263999999997
493,Conservative,6,Technology 1,2022,3573.982666666659
494,Conservative,6,Technology 1,2023,3578.8785333333267
495,Conservative,6,Technology 1,2024,3583.7743999999943
496,Conservative,6,Technology 1,2025,3588.670266666662
497,Conservative,6,Technology 1,2026,3593.5661333333296
498,Conservative,6,Technology 1,2027,3598.4619999999973
499,Conservative,6,Technology 1,2028,3603.357866666665
500,Conservative,6,Technology 1,2029,3608.2537333333325
501,Conservative,6,Technology 1,2030,3613.1495999999997
502,Conservative,6,Technology 1,2031,3617.5558799999912
503,Conservative,6,Technology 1,2032,3621.96216
504,Conservative,6,Technology 1,2033,3626.3684399999997
505,Conservative,6,Technology 1,2034,3630.77472
506,Conservative,6,Technology 1,2035,3635.180999999991
507,Conservative,6,Technology 1,2036,3639.5872799999916
508,Conservative,6,Technology 1,2037,3643.9935599999912
509,Conservative,6,Technology 1,2038,3648.3998399999914
510,Conservative,6,Technology 1,2039,3652.806119999991
511,Conservative,6,Technology 1,2040,3657.212399999991
512,Conservative,6,Technology 1,2041,3661.6186799999914
513,Conservative,6,Technology 1,2042,3666.024959999991
514,Conservative,6,Technology 1,2043,3670.4312399999912
515,Conservative,6,Technology 1,2044,3674.837519999991
516,Conservative,6,Technology 1,2045,3679.2437999999916
517,Conservative,6,Technology 1,2046,3683.6500799999912
518,Conservative,6,Technology 1,2047,3688.0563599999914
519,Conservative,6,Technology 1,2048,3692.462639999991
520,Conservative,6,Technology 1,2049,3696.8689199999912
521,Conservative,6,Technology 1,2050,3701.2751999999914
522,Advanced,7,Technology 1,2022,3345.790939259254
523,Advanced,7,Technology 1,2023,3399.5825303703687
524,Advanced,7,Technology 1,2024,3453.7331733333262
525,Advanced,7,Technology 1,2025,3508.242868148145
526,Advanced,7,Technology 1,2026,3563.111614814807
527,Advanced,7,Technology 1,2027,3618.3394133333295
528,Advanced,7,Technology 1,2028,3673.9262637037036
529,Advanced,7,Technology 1,2029,3729.8721659259218
530,Advanced,7,Technology 1,2030,3786.17712
531,Advanced,7,Technology 1,2031,3787.509048480867
532,Advanced,7,Technology 1,2032,3788.8393494207576
533,Advanced,7,Technology 1,2033,3790.16802281967
534,Advanced,7,Technology 1,2034,3791.4950686775883
535,Advanced,7,Technology 1,2035,3792.8204869945293
536,Advanced,7,Technology 1,2036,3794.144277770484
537,Advanced,7,Technology 1,2037,3795.4664410054615
538,Advanced,7,Technology 1,2038,3796.7869766994536
539,Advanced,7,Technology 1,2039,3798.1058848524503
540,Advanced,7,Technology 1,2040,3799.4231654644786
541,Advanced,7,Technology 1,2041,3800.7388185355126
542,Advanced,7,Technology 1,2042,3802.052844065569
543,Advanced,7,Technology 1,2043,3803.3652420546396
544,Advanced,7,Technology 1,2044,3804.6760125027236
545,Advanced,7,Technology 1,2045,3805.9851554098304
546,Advanced,7,Technology 1,2046,3807.292670775952
547,Advanced,7,Technology 1,2047,3808.598558601087
548,Advanced,7,Technology 1,2048,3809.902818885245
549,Advanced,7,Technology 1,2049,3811.2054516284084
550,Advanced,7,Technology 1,2050,3812.5064568305943
551,Moderate,7,Technology 1,2022,3317.6494933333324
552,Moderate,7,Technology 1,2023,3342.940586666665
553,Moderate,7,Technology 1,2024,3368.2316799999967
554,Moderate,7,Technology 1,2025,3393.522773333329
555,Moderate,7,Technology 1,2026,3418.813866666662
556,Moderate,7,Technology 1,2027,3444.104959999994
557,Moderate,7,Technology 1,2028,3469.3960533333266
558,Moderate,7,Technology 1,2029,3494.687146666659
559,Moderate,7,Technology 1,2030,3519.97824
560,Moderate,7,Technology 1,2031,3522.8234879999995
561,Moderate,7,Technology 1,2032,3525.668736
562,Moderate,7,Technology 1,2033,3528.513984
563,Moderate,7,Technology 1,2034,3531.3592320000002
564,Moderate,7,Technology 1,2035,3534.20448
565,Moderate,7,Technology 1,2036,3537.049728
566,Moderate,7,Technology 1,2037,3539.894976
567,Moderate,7,Technology 1,2038,3542.740224
568,Moderate,7,Technology 1,2039,3545.5854719999998
569,Moderate,7,Technology 1,2040,3548.43072
570,Moderate,7,Technology 1,2041,3551.275968
571,Moderate,7,Technology 1,2042,3554.121216
572,Moderate,7,Technology 1,2043,3556.9664639999996
573,Moderate,7,Technology 1,2044,3559.8117119999997
574,Moderate,7,Technology 1,2045,3562.65696
575,Moderate,7,Technology 1,2046,3565.5022080000003
576,Moderate,7,Technology 1,2047,3568.347456
577,Moderate,7,Technology 1,2048,3571.192704
578,Moderate,7,Technology 1,2049,3574.037952
579,Moderate,7,Technology 1,2050,3576.8832
580,Conservative,7,Technology 1,2022,3296.8746666666616
581,Conservative,7,Technology 1,2023,3301.390933333332
582,Conservative,7,Technology 1,2024,3305.907199999994
583,Conservative,7,Technology 1,2025,3310.4234666666644
584,Conservative,7,Technology 1,2026,3314.939733333327
585,Conservative,7,Technology 1,2027,3319.4559999999974
586,Conservative,7,Technology 1,2028,3323.972266666659
587,Conservative,7,Technology 1,2029,3328.4885333333295
588,Conservative,7,Technology 1,2030,3333.0047999999997
589,Conservative,7,Technology 1,2031,3337.06944
590,Conservative,7,Technology 1,2032,3341.1340800000003
591,Conservative,7,Technology 1,2033,3345.19872
592,Conservative,7,Technology 1,2034,3349.26336
593,Conservative,7,Technology 1,2035,3353.328
594,Conservative,7,Technology 1,2036,3357.39264
595,Conservative,7,Technology 1,2037,3361.45728
596,Conservative,7,Technology 1,2038,3365.5219199999997
597,Conservative,7,Technology 1,2039,3369.58656
598,Conservative,7,Technology 1,2040,3373.6512000000002
599,Conservative,7,Technology 1,2041,3377.71584
600,Conservative,7,Technology 1,2042,3381.7804799999913
601,Conservative,7,Technology 1,2043,3385.8451199999913
602,Conservative,7,Technology 1,2044,3389.909759999991
603,Conservative,7,Technology 1,2045,3393.9743999999914
604,Conservative,7,Technology 1,2046,3398.0390399999915
605,Conservative,7,Technology 1,2047,3402.103679999991
606,Conservative,7,Technology 1,2048,3406.168319999991
607,Conservative,7,Technology 1,2049,3410.23296
608,Conservative,7,Technology 1,2050,3414.2975999999912
609,Advanced,8,Technology 2,2022,3022.8535392592544
610,Advanced,8,Technology 2,2023,3073.0097303703687
611,Advanced,8,Technology 2,2024,3123.5249733333267
612,Advanced,8,Technology 2,2025,3174.399268148145
613,Advanced,8,Technology 2,2026,3225.6326148148073
614,Advanced,8,Technology 2,2027,3277.2250133333296
615,Advanced,8,Technology 2,2028,3329.1764637036954
616,Advanced,8,Technology 2,2029,3381.4869659259216
617,Advanced,8,Technology 2,2030,3434.15652
618,Advanced,8,Technology 2,2031,3436.4639039999997
619,Advanced,8,Technology 2,2032,3438.771288
620,Advanced,8,Technology 2,2033,3441.0786719999996
621,Advanced,8,Technology 2,2034,3443.386056
622,Advanced,8,Technology 2,2035,3445.69344
623,Advanced,8,Technology 2,2036,3448.000824
624,Advanced,8,Technology 2,2037,3450.3082080000004
625,Advanced,8,Technology 2,2038,3452.615592
626,Advanced,8,Technology 2,2039,3454.9229760000003
627,Advanced,8,Technology 2,2040,3457.23036
628,Advanced,8,Technology 2,2041,3459.537744
629,Advanced,8,Technology 2,2042,3461.845128
630,Advanced,8,Technology 2,2043,3464.152512
631,Advanced,8,Technology 2,2044,3466.4598960000003
632,Advanced,8,Technology 2,2045,3468.76728
633,Advanced,8,Technology 2,2046,3471.074664
634,Advanced,8,Technology 2,2047,3473.382048
635,Advanced,8,Technology 2,2048,3475.689432
636,Advanced,8,Technology 2,2049,3477.996816
637,Advanced,8,Technology 2,2050,3480.3042
638,Moderate,8,Technology 2,2022,2995.8946933333323
639,Moderate,8,Technology 2,2023,3018.7329866666646
640,Moderate,8,Technology 2,2024,3041.571279999997
641,Moderate,8,Technology 2,2025,3064.4095733333293
642,Moderate,8,Technology 2,2026,3087.2478666666616
643,Moderate,8,Technology 2,2027,3110.086159999994
644,Moderate,8,Technology 2,2028,3132.9244533333267
645,Moderate,8,Technology 2,2029,3155.762746666659
646,Moderate,8,Technology 2,2030,3178.60104
647,Moderate,8,Technology 2,2031,3181.170348
648,Moderate,8,Technology 2,2032,3183.739655999991
649,Moderate,8,Technology 2,2033,3186.308964
650,Moderate,8,Technology 2,2034,3188.878272
651,Moderate,8,Technology 2,2035,3191.4475799999914
652,Moderate,8,Technology 2,2036,3194.016888
653,Moderate,8,Technology 2,2037,3196.5861959999997
654,Moderate,8,Technology 2,2038,3199.155504
655,Moderate,8,Technology 2,2039,3201.724812
656,Moderate,8,Technology 2,2040,3204.2941199999996
657,Moderate,8,Technology 2,2041,3206.863428
658,Moderate,8,Technology 2,2042,3209.432736
659,Moderate,8,Technology 2,2043,3212.002043999991
660,Moderate,8,Technology 2,2044,3214.571352
661,Moderate,8,Technology 2,2045,3217.14066
662,Moderate,8,Technology 2,2046,3219.7099679999915
663,Moderate,8,Technology 2,2047,3222.279276
664,Moderate,8,Technology 2,2048,3224.848584
665,Moderate,8,Technology 2,2049,3227.417892
666,Moderate,8,Technology 2,2050,3229.9872
667,Conservative,8,Technology 2,2022,2977.134666666662
668,Conservative,8,Technology 2,2023,2981.2129333333323
669,Conservative,8,Technology 2,2024,2985.291199999994
670,Conservative,8,Technology 2,2025,2989.3694666666647
671,Conservative,8,Technology 2,2026,2993.4477333333266
672,Conservative,8,Technology 2,2027,2997.525999999997
673,Conservative,8,Technology 2,2028,3001.604266666659
674,Conservative,8,Technology 2,2029,3005.6825333333295
675,Conservative,8,Technology 2,2030,3009.7608
676,Conservative,8,Technology 2,2031,3013.4312399999912
677,Conservative,8,Technology 2,2032,3017.10168
678,Conservative,8,Technology 2,2033,3020.7721199999914
679,Conservative,8,Technology 2,2034,3024.44256
680,Conservative,8,Technology 2,2035,3028.112999999991
681,Conservative,8,Technology 2,2036,3031.78344
682,Conservative,8,Technology 2,2037,3035.4538799999914
683,Conservative,8,Technology 2,2038,3039.1243200000004
684,Conservative,8,Technology 2,2039,3042.7947599999916
685,Conservative,8,Technology 2,2040,3046.4652
686,Conservative,8,Technology 2,2041,3050.1356399999913
687,Conservative,8,Technology 2,2042,3053.80608
688,Conservative,8,Technology 2,2043,3057.4765199999997
689,Conservative,8,Technology 2,2044,3061.14696
690,Conservative,8,Technology 2,2045,3064.8174
691,Conservative,8,Technology 2,2046,3068.48784
692,Conservative,8,Technology 2,2047,3072.15828
693,Conservative,8,Technology 2,2048,3075.82872
694,Conservative,8,Technology 2,2049,3079.49916
695,Conservative,8,Technology 2,2050,3083.1696
696,Advanced,9,Technology 3,2022,2922.3841259259216
697,Advanced,9,Technology 3,2023,2971.4093037037037
698,Advanced,9,Technology 3,2024,3020.7935333333294
699,Advanced,9,Technology 3,2025,3070.536814814807
700,Advanced,9,Technology 3,2026,3120.639148148145
701,Advanced,9,Technology 3,2027,3171.1005333333264
702,Advanced,9,Technology 3,2028,3221.9209703703687
703,Advanced,9,Technology 3,2029,3273.100459259254
704,Advanced,9,Technology 3,2030,3324.639
705,Advanced,9,Technology 3,2031,3326.8727999999915
706,Advanced,9,Technology 3,2032,3329.1066
707,Advanced,9,Technology 3,2033,3331.3404
708,Advanced,9,Technology 3,2034,3333.5741999999914
709,Advanced,9,Technology 3,2035,3335.807999999991
710,Advanced,9,Technology 3,2036,3338.0418
711,Advanced,9,Technology 3,2037,3340.2756
712,Advanced,9,Technology 3,2038,3342.5094
713,Advanced,9,Technology 3,2039,3344.7432
714,Advanced,9,Technology 3,2040,3346.977
715,Advanced,9,Technology 3,2041,3349.210799999991
716,Advanced,9,Technology 3,2042,3351.4446000000003
717,Advanced,9,Technology 3,2043,3353.6784000000002
718,Advanced,9,Technology 3,2044,3355.9121999999916
719,Advanced,9,Technology 3,2045,3358.146
720,Advanced,9,Technology 3,2046,3360.3797999999997
721,Advanced,9,Technology 3,2047,3362.6135999999997
722,Advanced,9,Technology 3,2048,3364.8473999999997
723,Advanced,9,Technology 3,2049,3367.0812
724,Advanced,9,Technology 3,2050,3369.315
725,Moderate,9,Technology 3,2022,2895.7931999999996
726,Moderate,9,Technology 3,2023,2917.8684
727,Moderate,9,Technology 3,2024,2939.9436
728,Moderate,9,Technology 3,2025,2962.0188
729,Moderate,9,Technology 3,2026,2984.094
730,Moderate,9,Technology 3,2027,3006.1692
731,Moderate,9,Technology 3,2028,3028.2444
732,Moderate,9,Technology 3,2029,3050.3196000000003
733,Moderate,9,Technology 3,2030,3072.3948
734,Moderate,9,Technology 3,2031,3074.87826
735,Moderate,9,Technology 3,2032,3077.3617200000003
736,Moderate,9,Technology 3,2033,3079.8451800000003
737,Moderate,9,Technology 3,2034,3082.32864
738,Moderate,9,Technology 3,2035,3084.8121
739,Moderate,9,Technology 3,2036,3087.29556
740,Moderate,9,Technology 3,2037,3089.77902
741,Moderate,9,Technology 3,2038,3092.26248
742,Moderate,9,Technology 3,2039,3094.7459400000002
743,Moderate,9,Technology 3,2040,3097.2294
744,Moderate,9,Technology 3,2041,3099.71286
745,Moderate,9,Technology 3,2042,3102.19632
746,Moderate,9,Technology 3,2043,3104.67978
747,Moderate,9,Technology 3,2044,3107.16324
748,Moderate,9,Technology 3,2045,3109.6467
749,Moderate,9,Technology 3,2046,3112.13016
750,Moderate,9,Technology 3,2047,3114.61362
751,Moderate,9,Technology 3,2048,3117.09708
752,Moderate,9,Technology 3,2049,3119.58054
753,Moderate,9,Technology 3,2050,3122.064
754,Conservative,9,Technology 3,2022,2877.6600000000003
755,Conservative,9,Technology 3,2023,2881.6020000000003
756,Conservative,9,Technology 3,2024,2885.5440000000003
757,Conservative,9,Technology 3,2025,2889.486
758,Conservative,9,Technology 3,2026,2893.428
759,Conservative,9,Technology 3,2027,2897.37
760,Conservative,9,Technology 3,2028,2901.312
761,Conservative,9,Technology 3,2029,2905.254
762,Conservative,9,Technology 3,2030,2909.196
763,Conservative,9,Technology 3,2031,2912.7437999999997
764,Conservative,9,Technology 3,2032,2916.2916
765,Conservative,9,Technology 3,2033,2919.8394
766,Conservative,9,Technology 3,2034,2923.3872
767,Conservative,9,Technology 3,2035,2926.935
768,Conservative,9,Technology 3,2036,2930.4827999999998
769,Conservative,9,Technology 3,2037,2934.0306
770,Conservative,9,Technology 3,2038,2937.5784000000003
771,Conservative,9,Technology 3,2039,2941.1262
772,Conservative,9,Technology 3,2040,2944.674
773,Conservative,9,Technology 3,2041,2948.2218
774,Conservative,9,Technology 3,2042,2951.7695999999996
775,Conservative,9,Technology 3,2043,2955.3174000000004
776,Conservative,9,Technology 3,2044,2958.8652
777,Conservative,9,Technology 3,2045,2962.413
778,Conservative,9,Technology 3,2046,2965.9608
779,Conservative,9,Technology 3,2047,2969.5085999999997
780,Conservative,9,Technology 3,2048,2973.0564000000004
781,Conservative,9,Technology 3,2049,2976.6042
782,Conservative,9,Technology 3,2050,2980.152
783,Advanced,10,Technology 4,2022,2305.2148725925895
784,Advanced,10,Technology 4,2023,2347.2923970370302
785,Advanced,10,Technology 4,2024,2389.7289733333328
786,Advanced,10,Technology 4,2025,2432.5246014814775
787,Advanced,10,Technology 4,2026,2475.6792814814744
788,Advanced,10,Technology 4,2027,2519.1930133333326
789,Advanced,10,Technology 4,2028,2563.0657970370335
790,Advanced,10,Technology 4,2029,2607.2976325925865
791,Advanced,10,Technology 4,2030,2651.8885200000004
792,Advanced,10,Technology 4,2031,2653.6703039999998
793,Advanced,10,Technology 4,2032,2655.452088
794,Advanced,10,Technology 4,2033,2657.233872
795,Advanced,10,Technology 4,2034,2659.015656
796,Advanced,10,Technology 4,2035,2660.7974400000003
797,Advanced,10,Technology 4,2036,2662.5792239999996
798,Advanced,10,Technology 4,2037,2664.361008
799,Advanced,10,Technology 4,2038,2666.142792
800,Advanced,10,Technology 4,2039,2667.924576
801,Advanced,10,Technology 4,2040,2669.70636
802,Advanced,10,Technology 4,2041,2671.4881439999913
803,Advanced,10,Technology 4,2042,2673.2699279999997
804,Advanced,10,Technology 4,2043,2675.051712
805,Advanced,10,Technology 4,2044,2676.8334959999997
806,Advanced,10,Technology 4,2045,2678.61528
807,Advanced,10,Technology 4,2046,2680.3970639999916
808,Advanced,10,Technology 4,2047,2682.178848
809,Advanced,10,Technology 4,2048,2683.960631999991
810,Advanced,10,Technology 4,2049,2685.7424159999914
811,Advanced,10,Technology 4,2050,2687.5242
812,Moderate,10,Technology 4,2022,2280.884026666659
813,Moderate,10,Technology 4,2023,2298.271653333327
814,Moderate,10,Technology 4,2024,2315.6592799999944
815,Moderate,10,Technology 4,2025,2333.0469066666615
816,Moderate,10,Technology 4,2026,2350.4345333333295
817,Moderate,10,Technology 4,2027,2367.822159999997
818,Moderate,10,Technology 4,2028,2385.2097866666645
819,Moderate,10,Technology 4,2029,2402.5974133333325
820,Moderate,10,Technology 4,2030,2419.98504
821,Moderate,10,Technology 4,2031,2421.941148
822,Moderate,10,Technology 4,2032,2423.8972559999916
823,Moderate,10,Technology 4,2033,2425.853364
824,Moderate,10,Technology 4,2034,2427.809472
825,Moderate,10,Technology 4,2035,2429.76558
826,Moderate,10,Technology 4,2036,2431.721688
827,Moderate,10,Technology 4,2037,2433.677796
828,Moderate,10,Technology 4,2038,2435.6339040000003
829,Moderate,10,Technology 4,2039,2437.590012
830,Moderate,10,Technology 4,2040,2439.54612
831,Moderate,10,Technology 4,2041,2441.5022280000003
832,Moderate,10,Technology 4,2042,2443.458336
833,Moderate,10,Technology 4,2043,2445.414444
834,Moderate,10,Technology 4,2044,2447.3705520000003
835,Moderate,10,Technology 4,2045,2449.32666
836,Moderate,10,Technology 4,2046,2451.282768
837,Moderate,10,Technology 4,2047,2453.2388760000003
838,Moderate,10,Technology 4,2048,2455.194984
839,Moderate,10,Technology 4,2049,2457.151092
840,Moderate,10,Technology 4,2050,2459.1072000000004
841,Conservative,10,Technology 4,2022,2266.6013333333294
842,Conservative,10,Technology 4,2023,2269.706266666659
843,Conservative,10,Technology 4,2024,2272.811199999997
844,Conservative,10,Technology 4,2025,2275.916133333327
845,Conservative,10,Technology 4,2026,2279.021066666665
846,Conservative,10,Technology 4,2027,2282.1259999999943
847,Conservative,10,Technology 4,2028,2285.2309333333324
848,Conservative,10,Technology 4,2029,2288.335866666662
849,Conservative,10,Technology 4,2030,2291.4408
850,Conservative,10,Technology 4,2031,2294.23524
851,Conservative,10,Technology 4,2032,2297.02968
852,Conservative,10,Technology 4,2033,2299.8241199999916
853,Conservative,10,Technology 4,2034,2302.61856
854,Conservative,10,Technology 4,2035,2305.413
855,Conservative,10,Technology 4,2036,2308.20744
856,Conservative,10,Technology 4,2037,2311.0018799999916
857,Conservative,10,Technology 4,2038,2313.79632
858,Conservative,10,Technology 4,2039,2316.59076
859,Conservative,10,Technology 4,2040,2319.3852
860,Conservative,10,Technology 4,2041,2322.1796400000003
861,Conservative,10,Technology 4,2042,2324.97408
862,Conservative,10,Technology 4,2043,2327.76852
863,Conservative,10,Technology 4,2044,2330.56296
864,Conservative,10,Technology 4,2045,2333.3574000000003
865,Conservative,10,Technology 4,2046,2336.15184
866,Conservative,10,Technology 4,2047,2338.94628
867,Conservative,10,Technology 4,2048,2341.7407200000002
868,Conservative,10,Technology 4,2049,2344.5351600000004
869,Conservative,10,Technology 4,2050,2347.3295999999996
